{"nodes": [[88.60000000000002, 451.8], [501.4000000000002, 447.0000000000001], [298.20000000000005, 548.6000000000001], [307.8000000000002, 306.20000000000005], [81.40000000000009, 303.0], [80.60000000000002, 167.8], [307.0, 168.60000000000005]], "edges": [[0, 2, 4, false], [2, 1, 3, false], [0, 3, 5, false], [1, 3, 2, false], [3, 4, 5, false], [5, 4, 3, false], [3, 6, 4, false], [6, 5, 7, false], [3, 0, 2, true], [4, 3, 4, true], [0, 1, 3, false]], "directed": true}